"requestId","gptResponse","timestamp","userId","userRequest"
"1729eb9e-6314-452a-ade0-84f550812ac0","""Claro! Uma música animada que muitas pessoas gostam é """"Não Quero Dinheiro"""" do Tim Maia. É uma canção cheia de energia e fala sobre a alegria e a vontade de aproveitar a vida. Outra opção bem animada é """"Viva La Vida"""" do Coldplay, com uma melodia envolvente. Se você estiver procurando algo mais recente, """"Levitating"""" da Dua Lipa também é super animada e divertida! Alguma dessas opções lhe agrada?""","2024-10-06T22:58:34.578Z","1","Me de uma musica animada"
"5532f4d8-7dff-4340-af85-afe285fb4d2d","""Claro! Uma música calma que você pode gostar é """"River Flows in You"""" de Yiruma. Essa peça é instrumental e tem um tom muito relaxante. Outra sugestão é """"Weightless"""" do grupo Marconi Union, que foi criada especificamente para ajudar a reduzir a ansiedade e promover um estado de relaxamento. Essas músicas são ótimas para momentos de tranquilidade. Se precisar de mais recomendações, é só avisar!""","2024-10-06T22:51:09.096Z","1","Me de uma musica calma"
"0199dd7f-fa1a-46b8-84b0-d46eaf02becc","""Uma ótima música calma que você pode apreciar é """"Weightless"""" da banda Marconi Union. Essa faixa é conhecida por seu efeito relaxante e é frequentemente utilizada para meditação e relaxamento. Outra sugestão é """"River"""" de Leon Bridges, que tem uma melodia suave e letras tranquilas. Se você preferir algo em português, """"Apenas Mais Uma de Amor"""" do Lulu Santos é uma linda canção com uma vibe calma. Espero que goste!""","2024-10-06T22:48:42.155Z","1","Me de uma musica calma"
"1231","""Uma música animada que muita gente gosta é """"Happy"""" do Pharrell Williams. A canção tem uma batida contagiante e transmite uma energia positiva. Outra opção é """"Uptown Funk"""" do Mark Ronson com Bruno Mars, que também é super dançante e animada. Se você estiver procurando algo em português, """"Ai Ai Ai"""" da Vanessa da Mata é uma ótima escolha! Quer mais recomendações?""","2024-10-06T21:27:45.600Z","1","Me fale uma música animada"
"5538f416-8f0e-401b-a8e8-a753e46f285b","""Uma ótima sugestão de música calma é """"River Flows in You"""" de Yiruma. É uma peça instrumental de piano que transmite tranquilidade e serenidade. Outra opção é """"Weightless"""" do Marconi Union, que é conhecida por sua capacidade de relaxar e reduzir a ansiedade. Se preferir algo em português, """"Apenas Mais Uma de Amor"""" do Lulu Santos é uma escolha suave e poética. Espero que você goste!""","2024-10-06T22:52:09.397Z","1","Me de uma musica calma"
"66a5b00b-67b0-4b59-a215-c985c13317ed","""Uma música calma e muito apreciada é """"River Flows in You"""" do compositor Yiruma. Outra opção é """"Weightless"""" do Marconi Union, que é conhecida por sua capacidade de relaxar e reduzir a ansiedade. Essas músicas têm uma melodia suave e um ritmo tranquilizador. Você pode experimentar ouvi-las para momentos de calma e relaxamento.""","2024-10-06T22:57:42.336Z","1","Me de uma musica calma"
"8152ebdf-5593-4279-a709-b1cf49ed88a7","""Uma música que tem uma atmosfera semelhante a """"Corcovado"""" de Tom Jobim é """"Garota de Ipanema"""". Ambas as canções são clássicos da bossa nova e transmitem um sentimento suave e melódico, além de retratar aspectos da cultura carioca. Se você gosta do estilo de """"Corcovado"""", """"Garota de Ipanema"""" certamente vai agradar!""","2024-10-06T22:54:41.987Z","1","Me dê uma música parecida com Corcovado"
"0d06af5a-ab4b-4d85-9bc8-ff7a31b652b0","""Claro! Uma música animada e muito popular é """"Happy"""" do Pharrell Williams. Ela tem uma batida contagiante e uma letra que fala sobre felicidade e celebração. Outra sugestão é """"Uptown Funk"""" do Mark Ronson ft. Bruno Mars, que também é super dançante e energética! Se precisar de mais recomendações, é só avisar!""","2024-10-06T22:58:19.919Z","1","Me de uma musica animada"
"9444f1af-f1e5-4feb-9f05-6937c3cec544","""Uma música triste que é bastante conhecida é """"Cazuza - Exagerado"""". A canção fala sobre a intensidade do amor e a dor que pode acompanhá-lo. Outro exemplo é """"Apenas um Rapaz Lado B"""", de """"Legião Urbana"""", que aborda sentimentos de solidão e introspecção. Se precisar de recomendações específicas de artistas ou estilos, é só avisar!""","2024-10-06T22:59:25.199Z","1","Me de uma musica triste"
"365ab628-efbe-4ccf-befd-7c399a979e04","""Claro! Uma música calma que você pode gostar é """"Weightless"""" do grupo Marconi Union. Essa faixa é conhecida por sua melodia suave e relaxante, ideal para momentos de tranquilidade. Outra sugestão é """"River Flows in You"""", de Yiruma, que é uma linda peça de piano. Ambas são ótimas para relaxar e desestressar!""","2024-10-06T22:57:44.958Z","1","Me de uma musica calma"
"2053158d-ccb0-4434-8f46-f89b5cbc4c9a","""Se você gosta de """"Corcovado"""" de Tom Jobim, uma música que tem uma atmosfera semelhante é """"Garota de Ipanema"""", também do mesmo compositor e parceiro Vinicius de Moraes. Ambas as canções têm uma melodia suave e letras que celebram a beleza e a cultura do Brasil. Outra sugestão é """"Samba de Uma Nota Só"""", que também possui uma harmonia encantadora e uma pegada bossa nova.""","2024-10-06T22:54:28.997Z","1","Me dê uma música parecida com Corcovado"
"1","""Que tal """"Can't Stop the Feeling!"""" do Justin Timberlake? É uma música super animada, com uma vibe positiva e perfeita para levantar o astral!""","1728134671","1","Quero uma musica animada"
"60838f53-703c-4484-bbd6-e7c6b6f69f55","""Uma música animada que muitas pessoas adoram é """"Happy"""" do Pharrell Williams. É uma canção cheia de energia positiva e sorte de fazer qualquer um querer dançar! Outra opção é """"Walking on Sunshine"""" da Katrina and the Waves, que também transmite uma vibe super alegre. Se precisar de mais sugestões, é só avisar!""","2024-10-06T21:28:27.569Z","1","Me fale uma música animada"
"b19b5c74-6cb0-4d05-b165-38ab5400cfb1","""Claro! Uma música calma que muitas pessoas gostam é """"Weightless"""" da banda Marconi Union. Outra sugestão é """"Clair de Lune"""" de Claude Debussy, que é uma peça clássica muito relaxante. Se você prefere algo mais moderno, """"River"""" de Leon Bridges também é uma ótima escolha. Essas músicas são perfeitas para momentos de tranquilidade. Enjoy!""","2024-10-06T22:46:05.852Z","1","Me de uma musica calma"
"67c065b5-0e30-43ec-bf18-4148943f9de5","""Uma música que tem uma vibe semelhante à """"Garota de Ipanema"""" é """"Corcovado"""" (ou """"Quiet Nights of Quiet Stars""""), de Tom Jobim e Vinicius de Moraes. Ambas são clássicos da Bossa Nova, com melodia suave e letras poéticas que capturam a beleza do Brasil e suas paisagens. Outro exemplo é """"Desafinado"""", também de Tom Jobim. Essas músicas compartilham o mesmo estilo e atmosfera encantadora.""","2024-10-06T22:28:17.331Z","1","Me dê uma música parecida com Garota de Ipanema"
"622b98ef-c9e0-493e-933c-d69995a3e282","""Se você gosta de """"Corcovado"""" de Tom Jobim, uma música que pode te agradar é """"Garota de Ipanema"""", também dele. Ambas têm uma melodia suave e trabalham com temas relacionados à beleza do Rio de Janeiro e à bossa nova. Outra sugestão é """"Aguas de Março"""", que tem uma proposta semelhante de lirismo e harmonia. Se preferir algo com um toque mais contemporâneo, """"O Mundo é um Moinho"""" de Cartola é uma ótima escolha, com uma profundidade poética que lembra o estilo de Jobim.""","2024-10-06T22:54:46.047Z","1","Me dê uma música parecida com Corcovado"
"bc10ba2e-a00b-4e3b-a37e-bcc52ff793a5","""Uma música que tem uma vibe semelhante a """"Corcovado"""" (composição de Tom Jobim) é """"Garota de Ipanema"""", também do mesmo compositor. Ambas as músicas têm a mesma bossa nova suave, com melodias encantadoras e letras que remetem ao sentimento carioca e à beleza do Brasil. Outra sugestão é """"Chega de Saudade"""", que também capta a essência da bossa nova.""","2024-10-06T22:49:44.875Z","1","Me dê uma música parecida com Corcovado"
"e6d92987-8c52-41d7-8b82-036668871550","""Uma ótima música para ouvir enquanto joga Minecraft é """"Sweden"""", do D =~1C (conhecida como a música tema do jogo). Ela tem uma melodia tranquila e envolvente, perfeita para explorar o mundo de blocos e construir suas criações.\n\nOutra sugestão é """"C418 - Moog City"""". Essas músicas criam uma atmosfera relaxante e ajudam a entrar no clima do jogo. \n\nSe quiser algo diferente, você também pode ouvir trilhas sonoras de jogos ou playlists lo-fi, que costumam ter um ritmo suave e acompanharem bem a jogatina. Divirta-se!""","2024-10-06T22:49:30.955Z","1","me de uma musica para jogar minecraft"
"21312312","","2024-10-06T21:15:09.762Z","1","Me fale uma música animada"
"b92c1440-dd2a-41cf-bbbb-d3f55dfcbc8a","""Claro! Uma música calma e relaxante que eu posso sugerir é """"Weightless"""" da banda Marconi Union. Essa faixa é conhecida por sua capacidade de induzir relaxamento e reduzir a ansiedade. Outra opção é """"River Flows in You"""" de Yiruma, que possui um piano suave e melodia tocante. Ambas são ótimas para momentos de tranquilidade. Se quiser mais sugestões, é só avisar!""","2024-10-06T22:57:36.958Z","1","Me de uma musica calma"
"c2b948ff-f3d5-4329-9ebb-f9f8650ce26a","""Uma música que pode ser considerada semelhante a """"Corcovado"""" é """"Garota de Ipanema"""", ambas compostas por Tom Jobim e com letras que transmitem a beleza e a essência do Rio de Janeiro. Além disso, as duas possuem uma suave bossa nova e uma melodia envolvente. Se você gosta desse estilo, essas músicas se complementam muito bem!""","2024-10-06T22:49:53.955Z","1","Me dê uma música parecida com Corcovado"
"6051d712-9ff6-4530-937f-cd8f4ce05fd2","""Uma música que possui uma atmosfera semelhante à """"Corcovado"""", de Tom Jobim, é """"O Mundo É um Moinho"""", de Cartola. Ambas as canções têm uma melodia suave e letras poéticas que refletem temas de amor e contemplação. Outro exemplo que pode ser interessante é """"Luiza"""", também de Tom Jobim, que compartilha a mesma sensibilidade e harmonia características da Bossa Nova.""","2024-10-06T22:55:26.218Z","1","Me dê uma música parecida com Corcovado"
"b76ba16c-a577-4a0d-9148-a8891c836be3","""Claro! Uma música animada que eu posso recomendar é """"Happy"""" do Pharrell Williams. Essa canção é super alegre e cheia de energia, perfeita para levantar o astral! Se você quiser sugestões de outras músicas nesse estilo, é só avisar!""","2024-10-06T22:58:46.348Z","1","Me de uma musica animada"
"8211441d-6de6-439a-9ddd-f0e9001fbdd6","""Claro! Uma música animada que muitas pessoas gostam é """"Happy"""" do Pharrell Williams. A canção tem uma batida contagiante e uma letra que fala sobre felicidade, perfeita para levantar o astral. Outra ótima opção é """"Uptown Funk"""" do Mark Ronson, com Bruno Mars, que também garante animar qualquer ambiente. Se precisar de mais sugestões ou informações sobre essas músicas, é só me avisar!""","2024-10-06T22:57:53.098Z","1","Me de uma musica animada"
"5a8dfd31-a687-4b36-8ee1-eab371c8e7fb","""Uma música calma e bem conhecida é """"Landslide"""" da Fleetwood Mac. Outra ótima opção é """"Weightless"""" da banda Marconi Union, que é conhecida por seu efeito relaxante. Se você prefere algo em português, """"Oração"""" de Tiago Iorc é uma escolha suave e tocante. Essas músicas têm melodias tranquilas que ajudam a transmitir uma sensação de paz.""","2024-10-06T22:55:00.876Z","1","Me de uma musica calma"
"3560d4a1-25cc-4327-9a51-fc44e63c59d6","""Claro! Uma música animada que muitas pessoas gostam é """"Happy"""" do Pharrell Williams. Outra opção é """"Uptown Funk"""" do Mark Ronson, com Bruno Mars. Ambas têm batidas contagiantes e letras que transmitem uma sensação positiva. Se quiser recomendações em um estilo específico, é só falar!""","2024-10-06T22:58:02.937Z","1","Me de uma musica animada"
"7d2d7f8d-ba57-4072-a7da-ad2c98c56984","""Claro! Aqui está uma sugestão de uma música nova que você pode gostar. A música """"Asa Branca"""", de Luiz Gonzaga, é um clássico da música brasileira, mas se você procura algo mais contemporâneo, recomendo “Dançarina”, de Pedro Sampaio e o grupo de pagode. Essa música tem uma batida contagiante e é perfeita para dançar.\n\nSe precisar de alguma outra recomendação ou um estilo específico, é só avisar!""","2024-10-06T22:56:47.318Z","1","Me de uma musica nova"
"08217f83-b636-4862-8dde-9630e17a91c4","""Se você gosta de """"Corcovado"""", de Tom Jobim, uma sugestão semelhante seria """"Garota de Ipanema"""", também do mesmo compositor. Ambas têm uma melodia suave e poética, além de capturarem a essência da Bossa Nova. Outra música que pode evocar uma atmosfera parecida é """"Samba de Uma Nota Só"""", igualmente de Jobim. Essas músicas compartilham a elegância e a suavidade características desse estilo musical.""","2024-10-06T22:46:20.234Z","1","Me dê uma música parecida com Corcovado"
"124c6308-b5f8-44ee-8a37-a2c38d2a6021","""Claro! Uma música tranquila que eu recomendo é """"Weightless"""" do grupo Marconi Union. Essa faixa é conhecida por suas propriedades relaxantes e é frequentemente usada para meditação e relaxamento. Outra opção é """"River"""" de Leon Bridges, que tem uma melodia suave e letras calmantes. Essas músicas podem ajudar a criar uma atmosfera serena. Se você estiver buscando algo mais específico, me avise!""","2024-10-06T22:48:59.915Z","1","Me de uma musica calma"
"bb30e2b9-36b5-4686-99d3-528445039c6c","""Uma música que tem uma atmosfera semelhante a """"Corcovado,"""" de Tom Jobim, é """"Garota de Ipanema,"""" também do mesmo compositor. Ambas capturam a essência da Bossa Nova, com melodias suaves e letras poéticas que falam sobre amor e a beleza do Brasil. Outra sugestão que remete à mesma vibe é """"Samba de Uma Nota Só,"""" que também possui a fluidez característica do estilo. Se você busca algo mais contemporâneo, """"O Mundo é um Moinho,"""" de Cartola, pode ser uma boa escolha.""","2024-10-06T22:54:59.866Z","1","Me dê uma música parecida com Corcovado"
"123","""{""""message"""":""""Uma música animada que sempre levanta o astral é \""""Happy\"""" do Pharrell Williams. É uma canção contagiante que fala sobre felicidade e celebração. Outra ótima opção é \""""Shake It Off\"""" da Taylor Swift, que também tem um ritmo super alegre e transmite uma mensagem positiva. Você tem alguma preferência de estilo?""""}""","2024-10-06T21:14:08.185Z","1","Me fale uma música animada"
"3414dfd6-c4dd-43c9-8131-053b0f002d18","""Uma música calma que você pode gostar é """"River"""" de Leon Bridges. Outra ótima opção é """"Weightless"""" do grupo Marconi Union, que é conhecida por sua capacidade de reduzir o estresse e promover relaxamento. Se você prefere algo em português, """"Luar"""" de Alceu Valença é uma escolha linda e tranquila. Essas músicas têm uma vibe relaxante e são ótimas para momentos de introspecção ou descanso.""","2024-10-06T22:54:33.657Z","1","Me de uma musica calma"
"12312","""Uma música animada que muitas pessoas gostam é """"Happy"""" do Pharrell Williams. Essa canção é cheia de energia positiva e tem um ritmo contagiante que faz todo mundo querer dançar. Outra opção animada é """"Shake It Off"""" da Taylor Swift, que também é ótima para levantar o astral! Se precisar de mais recomendações, é só avisar!""","2024-10-06T21:23:48.634Z","1","Me fale uma música animada"
"652b8fd0-5d03-4b58-b4ef-917a65e043f4","""Claro! Uma música animada e muito popular é """"Happy"""" do Pharrell Williams. Outra ótima opção é """"Uptown Funk"""" do Mark Ronson com Bruno Mars. Ambas têm um ritmo contagiante e são perfeitas para levantar o astral. Se precisar de mais sugestões ou detalhes sobre alguma delas, é só avisar!""","2024-10-06T22:54:13.577Z","1","Me de uma musica animada"
"366de154-5bb6-40d2-897f-c7aea665fa48","""Uma música eletrizante que pode te animar é """"Titanium"""", do David Guetta, com a vocais da Sia. A combinação de batidas contagiantes e letras empoderadoras torna essa faixa perfeita para levantar o ânimo! Outra sugestão é """"Wake Me Up"""" do Avicii, que também tem uma energia incrível. Se precisar de mais recomendações, é só avisar!""","2024-10-06T22:15:51.050Z","1","Me fale uma musica eletrizante"